<?xml version="1.0" encoding="UTF-8" standalone="yes"?>
<addon id="repository.NetFree" name="Sparrows" version="1" provider-name="SPARROWSproducciones">
    <extension point="xbmc.addon.repository" name="Example Repository">
        <dir>
            <info compressed="false">https://raw.githubusercontent.com/Jhose Sparrows/Sparrows/main/zips/addons.xml</info>
            <checksum>https://raw.githubusercontent.com/Jhose Sparrows/Sparrows/main/zips/addons.xml.md5</checksum>
            <datadir zip="true">https://raw.githubusercontent.com/Jhose Sparrows/Sparrows/main/zips/</datadir>
        </dir>
    </extension>
    <extension point="xbmc.addon.metadata">
        <summary>Sparrows</summary>
        <description>Actualizaciones</description>
        <disclaimer></disclaimer>
        <platform>all</platform>
        <assets>
            <icon>icon.png</icon>
            <fanart>fanart.jpg</fanart>
        </assets>
    </extension>
</addon>